phase,condition,seed,status,final_accuracy,run_health,max_test_loss,halted_rounds,updates_used,malicious_updates_used,minority_decisions,last_10_accuracy,worst_client_accuracy,backdoor_asr,virtual_time,wall_seconds,benign_false_reject_rate,benign_defer_rate,minority_false_reject_rate,minority_defer_rate,mean_staleness,server_p95_ms,deadline_miss_rate,last_logged_round,last_logged_accuracy,last_logged_loss,failure_reason,record
1,baseline_none,0,complete,0.4586,ok,45.887498931884764,0,244,0,0,0.34048,0.0,,105,238.24786929995753,0.0,0.0,,,1.3278688524590163,58.83195502101444,,,,,,E:\Federated Machine Learning\FL-Byzantine-Library\mnist_dir20\record\research_algorithm_Mcnn_R100_B64.0_E1_LR1.00e-01_P3.00e-01_S0_LD-1_9.9800e-01_WD0.0000e+00_SIMSimulator_LGResearchLogger_RESEARCH_6fb29c91f8.json
1,baseline_none,1,complete,0.1592,ok,70.88029382324218,0,236,0,0,0.17735,0.0,,104,240.4107587999897,0.0,0.0,,,1.36864406779661,59.59249996813014,,,,,,E:\Federated Machine Learning\FL-Byzantine-Library\mnist_dir20\record\research_algorithm_Mcnn_R100_B64.0_E1_LR1.00e-01_P3.00e-01_S1_LD-1_9.9800e-01_WD0.0000e+00_SIMSimulator_LGResearchLogger_RESEARCH_6956e7a80e.json
1,baseline_none,2,complete,0.1032,ok,70.6887515625,0,226,0,0,0.10432,0.0,,105,240.69727869995404,0.0,0.0,,,1.4823008849557522,60.49121997202745,,,,,,E:\Federated Machine Learning\FL-Byzantine-Library\mnist_dir20\record\research_algorithm_Mcnn_R100_B64.0_E1_LR1.00e-01_P3.00e-01_S2_LD-1_9.9800e-01_WD0.0000e+00_SIMSimulator_LGResearchLogger_RESEARCH_b28f30e1b9.json
1,triage_none,0,complete,0.3786,ok,32.15629367370605,0,243,0,0,0.1965,0.0,,105,239.80425479996484,0.0,0.08396946564885496,,,1.3333333333333333,65.15568002359942,,,,,,E:\Federated Machine Learning\FL-Byzantine-Library\mnist_dir20\record\research_algorithm_Mcnn_R100_B64.0_E1_LR1.00e-01_P3.00e-01_S0_LD-1_9.9800e-01_WD0.0000e+00_SIMSimulator_LGResearchLogger_RESEARCH_ffd5141708.json
1,triage_none,1,complete,0.2016,ok,35.50957760620117,0,236,0,0,0.15239,0.0,,104,234.05709989997558,0.0,0.05220883534136546,,,1.36864406779661,63.36140500498004,,,,,,E:\Federated Machine Learning\FL-Byzantine-Library\mnist_dir20\record\research_algorithm_Mcnn_R100_B64.0_E1_LR1.00e-01_P3.00e-01_S1_LD-1_9.9800e-01_WD0.0000e+00_SIMSimulator_LGResearchLogger_RESEARCH_e5bd5bd197.json
1,triage_none,2,complete,0.1032,ok,17.626438677978516,0,226,0,0,0.10539,0.0,,105,235.4531655999599,0.0,0.058577405857740586,,,1.4823008849557522,71.65296502644195,,,,,,E:\Federated Machine Learning\FL-Byzantine-Library\mnist_dir20\record\research_algorithm_Mcnn_R100_B64.0_E1_LR1.00e-01_P3.00e-01_S2_LD-1_9.9800e-01_WD0.0000e+00_SIMSimulator_LGResearchLogger_RESEARCH_855cf7a881.json
1,baseline_ipm,0,failed,,stopped_divergence,4434748.8104,,,,,,,,,161.08573370007798,,,,,,,,65,0.1135,4434748.8104,aggregate would diverge: non-finite or weight magnitude exceeds 1000,
1,baseline_ipm,1,failed,,stopped_divergence,300416.3806,,,,,,,,,218.16107739997096,,,,,,,,93,0.0974,187554.279,aggregate would diverge: non-finite or weight magnitude exceeds 1000,
1,baseline_ipm,2,complete,0.4358,ok,35.326162158203125,0,226,44,0,0.54922,0.0,,105,230.0834372000536,0.0,0.0,,,1.4823008849557522,64.41156001528725,,,,,,E:\Federated Machine Learning\FL-Byzantine-Library\mnist_dir20\record\research_algorithm_Mcnn_R100_B64.0_E1_LR1.00e-01_P3.00e-01_S2_LD-1_9.9800e-01_WD0.0000e+00_SIMSimulator_LGResearchLogger_RESEARCH_7171642a85.json
1,triage_ipm,0,failed,,stopped_divergence,422546.7245,,,,,,,,,157.31066940003075,,,,,,,,64,0.101,422546.7245,aggregate would diverge: non-finite or weight magnitude exceeds 1000,
1,triage_ipm,1,complete,0.0958,high_loss,7619.12751953125,0,236,51,0,0.09701,0.0,,104,233.9128468000563,0.0,0.0945273631840796,,,1.36864406779661,68.11030507669784,,,,,,E:\Federated Machine Learning\FL-Byzantine-Library\mnist_dir20\record\research_algorithm_Mcnn_R100_B64.0_E1_LR1.00e-01_P3.00e-01_S1_LD-1_9.9800e-01_WD0.0000e+00_SIMSimulator_LGResearchLogger_RESEARCH_150289cee5.json
1,triage_ipm,2,complete,0.183,high_loss,663.7350858398438,0,226,37,0,0.17091,0.0,,109,232.99665099999402,0.0,0.07389162561576355,,,1.3716814159292035,75.03277995856479,,,,,,E:\Federated Machine Learning\FL-Byzantine-Library\mnist_dir20\record\research_algorithm_Mcnn_R100_B64.0_E1_LR1.00e-01_P3.00e-01_S2_LD-1_9.9800e-01_WD0.0000e+00_SIMSimulator_LGResearchLogger_RESEARCH_069b464a7e.json
1,baseline_backdoor,0,complete,0.0892,ok,32.54924685058594,0,244,54,0,0.09728,0.0,0.0,105,341.9692003999371,0.0,0.0,,,1.3278688524590163,64.62092491565272,,,,,,E:\Federated Machine Learning\FL-Byzantine-Library\mnist_dir20\record\research_algorithm_Mcnn_R100_B64.0_E1_LR1.00e-01_P3.00e-01_S0_LD-1_9.9800e-01_WD0.0000e+00_SIMSimulator_LGResearchLogger_RESEARCH_bc58b863cd.json
1,baseline_backdoor,1,complete,0.5504,ok,14.291411080932617,0,236,51,0,0.38491000000000003,0.0,0.917960088691796,104,339.94816789997276,0.0,0.0,,,1.36864406779661,61.8698249629233,,,,,,E:\Federated Machine Learning\FL-Byzantine-Library\mnist_dir20\record\research_algorithm_Mcnn_R100_B64.0_E1_LR1.00e-01_P3.00e-01_S1_LD-1_9.9800e-01_WD0.0000e+00_SIMSimulator_LGResearchLogger_RESEARCH_0f3a34baf8.json
1,baseline_backdoor,2,complete,0.1601,ok,43.492575079345706,0,226,44,0,0.25258,0.0,0.0,105,340.6580080999993,0.0,0.0,,,1.4823008849557522,63.795990054495626,,,,,,E:\Federated Machine Learning\FL-Byzantine-Library\mnist_dir20\record\research_algorithm_Mcnn_R100_B64.0_E1_LR1.00e-01_P3.00e-01_S2_LD-1_9.9800e-01_WD0.0000e+00_SIMSimulator_LGResearchLogger_RESEARCH_0be5b1355e.json
1,triage_backdoor,0,complete,0.4499,ok,23.08993137512207,0,244,54,0,0.37881,0.0,0.996119733924612,105,340.6629396000644,0.0,0.06930693069306931,,,1.3278688524590163,66.43394998973235,,,,,,E:\Federated Machine Learning\FL-Byzantine-Library\mnist_dir20\record\research_algorithm_Mcnn_R100_B64.0_E1_LR1.00e-01_P3.00e-01_S0_LD-1_9.9800e-01_WD0.0000e+00_SIMSimulator_LGResearchLogger_RESEARCH_69cb8d0c9c.json
1,triage_backdoor,1,complete,0.5436,ok,58.262558978271485,0,235,51,0,0.33311,0.0,0.012749445676274944,104,339.9521596999839,0.0,0.09045226130653267,,,1.374468085106383,64.11730996915139,,,,,,E:\Federated Machine Learning\FL-Byzantine-Library\mnist_dir20\record\research_algorithm_Mcnn_R100_B64.0_E1_LR1.00e-01_P3.00e-01_S1_LD-1_9.9800e-01_WD0.0000e+00_SIMSimulator_LGResearchLogger_RESEARCH_21e54cde77.json
1,triage_backdoor,2,complete,0.1059,ok,18.291435729980467,0,226,44,0,0.19442,0.0,0.0,105,337.0852758999681,0.0,0.07692307692307693,,,1.4823008849557522,67.07602507085538,,,,,,E:\Federated Machine Learning\FL-Byzantine-Library\mnist_dir20\record\research_algorithm_Mcnn_R100_B64.0_E1_LR1.00e-01_P3.00e-01_S2_LD-1_9.9800e-01_WD0.0000e+00_SIMSimulator_LGResearchLogger_RESEARCH_5963f894b9.json
2,baseline_ipm,0,failed,,stopped_divergence,104.0879,,,,,,,,,151.90437050000764,,,,,,,,63,0.1032,11.7813,aggregate would diverge: non-finite or weight magnitude exceeds 1000,
2,baseline_ipm,1,failed,,stopped_divergence,976.2565,,,,,,,,,90.08325519994833,,,,,,,,35,0.0974,41.5876,aggregate would diverge: non-finite or weight magnitude exceeds 1000,
2,baseline_ipm,2,failed,,stopped_divergence,37798058.496,,,,,,,,,127.86342009995133,,,,,,,,49,0.101,37798058.496,aggregate would diverge: non-finite or weight magnitude exceeds 1000,
2,triage_ipm,0,failed,,stopped_divergence,163168283.648,,,,,,,,,70.70221480005421,,,,,,,,25,0.101,714045.4319,aggregate would diverge: non-finite or weight magnitude exceeds 1000,
2,triage_ipm,1,failed,,stopped_divergence,321112487.4752,,,,,,,,,88.78409089997876,,,,,,,,34,0.0973,180.8015,aggregate would diverge: non-finite or weight magnitude exceeds 1000,
2,triage_ipm,2,complete,0.1428,high_loss,647.5287485351563,0,233,43,0,0.27229,0.0,,111,235.50422399991658,0.0,0.07317073170731707,,,1.3605150214592274,66.4944649732206,,,,,,E:\Federated Machine Learning\FL-Byzantine-Library\mnist_dir20\record\research_algorithm_Mcnn_R100_B64.0_E1_LR1.00e-01_P3.00e-01_S2_LD-1_9.9800e-01_WD0.0000e+00_SIMSimulator_LGResearchLogger_RESEARCH_867327f723.json
2,baseline_timed_ipm,0,failed,,stopped_divergence,27.8565,,,,,,,,,181.44398480001837,,,,,,,,79,0.1941,9.1796,aggregate would diverge: non-finite or weight magnitude exceeds 1000,
2,baseline_timed_ipm,1,complete,0.315,high_loss,176.59297946777343,0,209,31,0,0.32235,0.0,,116,227.3475995999761,0.0,0.0,,,1.6507177033492824,60.94660511007532,,,,,,E:\Federated Machine Learning\FL-Byzantine-Library\mnist_dir20\record\research_algorithm_Mcnn_R100_B64.0_E1_LR1.00e-01_P3.00e-01_S1_LD-1_9.9800e-01_WD0.0000e+00_SIMSimulator_LGResearchLogger_RESEARCH_9902572e48.json
2,baseline_timed_ipm,2,complete,0.098,ok,39.562931463623045,0,190,30,0,0.12598,0.0,,114,225.9851187999593,0.0,0.0,,,1.9,57.683980074943975,,,,,,E:\Federated Machine Learning\FL-Byzantine-Library\mnist_dir20\record\research_algorithm_Mcnn_R100_B64.0_E1_LR1.00e-01_P3.00e-01_S2_LD-1_9.9800e-01_WD0.0000e+00_SIMSimulator_LGResearchLogger_RESEARCH_21cdcf1b44.json
2,triage_timed_ipm,0,complete,0.1933,ok,44.187743463134765,0,198,32,0,0.12565,0.0,,113,228.3975723000476,0.0,0.0625,,,1.803030303030303,68.3554699353408,,,,,,E:\Federated Machine Learning\FL-Byzantine-Library\mnist_dir20\record\research_algorithm_Mcnn_R100_B64.0_E1_LR1.00e-01_P3.00e-01_S0_LD-1_9.9800e-01_WD0.0000e+00_SIMSimulator_LGResearchLogger_RESEARCH_43c1e0b2d5.json
2,triage_timed_ipm,1,complete,0.101,high_loss,221.13089377441406,0,210,31,0,0.10281,0.0,,116,230.34825629997067,0.0,0.10152284263959391,,,1.6428571428571428,61.60423998371698,,,,,,E:\Federated Machine Learning\FL-Byzantine-Library\mnist_dir20\record\research_algorithm_Mcnn_R100_B64.0_E1_LR1.00e-01_P3.00e-01_S1_LD-1_9.9800e-01_WD0.0000e+00_SIMSimulator_LGResearchLogger_RESEARCH_da8d292f6b.json
2,triage_timed_ipm,2,complete,0.4598,ok,45.342530633544925,0,189,30,0,0.28450000000000003,0.0,,113,224.0939347000094,0.0,0.04790419161676647,,,1.9365079365079365,56.225605012150474,,,,,,E:\Federated Machine Learning\FL-Byzantine-Library\mnist_dir20\record\research_algorithm_Mcnn_R100_B64.0_E1_LR1.00e-01_P3.00e-01_S2_LD-1_9.9800e-01_WD0.0000e+00_SIMSimulator_LGResearchLogger_RESEARCH_5cf5359f0e.json
2,baseline_joint_random,0,complete,0.1028,ok,23.48105581970215,0,223,39,0,0.09966,0.0,,110,234.4360572999576,0.0,0.0,,,1.5426008968609866,64.75437500630505,,,,,,E:\Federated Machine Learning\FL-Byzantine-Library\mnist_dir20\record\research_algorithm_Mcnn_R100_B64.0_E1_LR1.00e-01_P3.00e-01_S0_LD-1_9.9800e-01_WD0.0000e+00_SIMSimulator_LGResearchLogger_RESEARCH_2da3f796f1.json
2,baseline_joint_random,1,failed,,stopped_divergence,19.0393,,,,,,,,,229.04203639994375,,,,,,,,96,0.2203,3.4841,aggregate would diverge: non-finite or weight magnitude exceeds 1000,
2,baseline_joint_random,2,complete,0.1968,ok,43.45362900390625,0,207,31,0,0.25676,0.0,,110,231.0335060999496,0.0,0.0,,,1.6521739130434783,62.33451992738992,,,,,,E:\Federated Machine Learning\FL-Byzantine-Library\mnist_dir20\record\research_algorithm_Mcnn_R100_B64.0_E1_LR1.00e-01_P3.00e-01_S2_LD-1_9.9800e-01_WD0.0000e+00_SIMSimulator_LGResearchLogger_RESEARCH_d4f9cda60b.json
2,triage_joint_random,0,complete,0.4745,ok,86.86146177978516,0,223,39,0,0.42515,0.0,,110,234.61933500005398,0.0,0.0845771144278607,,,1.5426008968609866,67.40251000737771,,,,,,E:\Federated Machine Learning\FL-Byzantine-Library\mnist_dir20\record\research_algorithm_Mcnn_R100_B64.0_E1_LR1.00e-01_P3.00e-01_S0_LD-1_9.9800e-01_WD0.0000e+00_SIMSimulator_LGResearchLogger_RESEARCH_d04b6ba377.json
2,triage_joint_random,1,failed,,stopped_divergence,5057.7987,,,,,,,,,165.71356879989617,,,,,,,,67,0.0974,2306.3469,aggregate would diverge: non-finite or weight magnitude exceeds 1000,
2,triage_joint_random,2,complete,0.1032,high_loss,943.2175763671875,0,204,30,0,0.10063,0.0,,110,228.3444305000594,0.0,0.09895833333333333,,,1.6225490196078431,66.85885007609613,,,,,,E:\Federated Machine Learning\FL-Byzantine-Library\mnist_dir20\record\research_algorithm_Mcnn_R100_B64.0_E1_LR1.00e-01_P3.00e-01_S2_LD-1_9.9800e-01_WD0.0000e+00_SIMSimulator_LGResearchLogger_RESEARCH_e938b44776.json
2,baseline_joint_timing,0,failed,,stopped_divergence,2768.5821,,,,,,,,,241.79453670000657,,,,,,,,96,0.0892,1727.8205,aggregate would diverge: non-finite or weight magnitude exceeds 1000,
2,baseline_joint_timing,1,complete,0.6676,ok,11.840013009643554,0,258,59,0,0.70431,0.11295681063122924,,102,246.51104699994903,0.0,0.0,,,1.189922480620155,65.12825499521568,,,,,,E:\Federated Machine Learning\FL-Byzantine-Library\mnist_dir20\record\research_algorithm_Mcnn_R100_B64.0_E1_LR1.00e-01_P3.00e-01_S1_LD-1_9.9800e-01_WD0.0000e+00_SIMSimulator_LGResearchLogger_RESEARCH_c39bc8670e.json
2,baseline_joint_timing,2,complete,0.3289,ok,18.180395919799803,0,259,56,0,0.36885,0.0,,106,248.20313520007767,0.0,0.0,,,1.1544401544401544,69.71324000041932,,,,,,E:\Federated Machine Learning\FL-Byzantine-Library\mnist_dir20\record\research_algorithm_Mcnn_R100_B64.0_E1_LR1.00e-01_P3.00e-01_S2_LD-1_9.9800e-01_WD0.0000e+00_SIMSimulator_LGResearchLogger_RESEARCH_45421625dc.json
2,triage_joint_timing,0,complete,0.1251,ok,17.624116424560548,0,266,64,0,0.24745,0.0,,101,250.36790489999112,0.0,0.06511627906976744,,,1.112781954887218,76.55171499354765,,,,,,E:\Federated Machine Learning\FL-Byzantine-Library\mnist_dir20\record\research_algorithm_Mcnn_R100_B64.0_E1_LR1.00e-01_P3.00e-01_S0_LD-1_9.9800e-01_WD0.0000e+00_SIMSimulator_LGResearchLogger_RESEARCH_ef217a7ce4.json
2,triage_joint_timing,1,complete,0.4705,ok,55.97865814208984,0,258,58,0,0.5004,0.0033222591362126247,,102,247.2994602000108,0.0,0.03864734299516908,,,1.197674418604651,70.2433149155695,,,,,,E:\Federated Machine Learning\FL-Byzantine-Library\mnist_dir20\record\research_algorithm_Mcnn_R100_B64.0_E1_LR1.00e-01_P3.00e-01_S1_LD-1_9.9800e-01_WD0.0000e+00_SIMSimulator_LGResearchLogger_RESEARCH_52ca12dfc9.json
2,triage_joint_timing,2,complete,0.235,ok,48.9953918762207,0,256,54,0,0.16494,0.0,,106,246.4907694000285,0.0,0.06912442396313365,,,1.1640625,79.321680002613,,,,,,E:\Federated Machine Learning\FL-Byzantine-Library\mnist_dir20\record\research_algorithm_Mcnn_R100_B64.0_E1_LR1.00e-01_P3.00e-01_S2_LD-1_9.9800e-01_WD0.0000e+00_SIMSimulator_LGResearchLogger_RESEARCH_022a00faa2.json
3,baseline_reserved_root,0,complete,0.1135,ok,76.75824661865235,0,226,40,20,0.09972,0.0,,103,237.24007780000102,0.0,0.0,0.0,0.0,1.3584070796460177,64.51669000089169,,,,,,E:\Federated Machine Learning\FL-Byzantine-Library\mnist_dir20\record\research_algorithm_Mcnn_R100_B64.0_E1_LR1.00e-01_P3.00e-01_S0_LD-1_9.9800e-01_WD0.0000e+00_SIMSimulator_LGResearchLogger_RESEARCH_55c6dd90ec.json
3,baseline_reserved_root,1,failed,,stopped_divergence,4993773.2696,,,,,,,,,152.27153769996949,,,,,,,,62,0.1135,4993773.2488,aggregate would diverge: non-finite or weight magnitude exceeds 1000,
3,baseline_reserved_root,2,complete,0.3015,ok,68.63309649658203,0,225,32,25,0.24368,0.0,,110,236.98007509997115,0.0,0.0,0.0,0.0,1.3688888888888888,64.8719550750684,,,,,,E:\Federated Machine Learning\FL-Byzantine-Library\mnist_dir20\record\research_algorithm_Mcnn_R100_B64.0_E1_LR1.00e-01_P3.00e-01_S2_LD-1_9.9800e-01_WD0.0000e+00_SIMSimulator_LGResearchLogger_RESEARCH_16ef12b62b.json
3,root_only_n20_noise0.0,0,failed,,stopped_divergence,7563.9492,,,,,,,,,183.8727598999394,,,,,,,,75,0.101,7380.2618,aggregate would diverge: non-finite or weight magnitude exceeds 1000,
3,root_only_n20_noise0.0,1,failed,,stopped_divergence,3651.358,,,,,,,,,107.55738740006927,,,,,,,,42,0.098,3651.358,aggregate would diverge: non-finite or weight magnitude exceeds 1000,
3,root_only_n20_noise0.0,2,complete,0.1028,high_loss,38460.81309375,0,224,32,25,0.10088,0.0,,110,235.27932049997617,0.0,0.0,0.0,0.0,1.3616071428571428,69.84668502700515,,,,,,E:\Federated Machine Learning\FL-Byzantine-Library\mnist_dir20\record\research_algorithm_Mcnn_R100_B64.0_E1_LR1.00e-01_P3.00e-01_S2_LD-1_9.9800e-01_WD0.0000e+00_SIMSimulator_LGResearchLogger_RESEARCH_6b91e505c6.json
3,root_only_n20_noise0.2,0,complete,0.5329,ok,25.156575485229492,0,226,40,20,0.57004,0.013377926421404682,,103,234.36829790007323,0.0,0.0,0.0,0.0,1.3584070796460177,63.04735502926633,,,,,,E:\Federated Machine Learning\FL-Byzantine-Library\mnist_dir20\record\research_algorithm_Mcnn_R100_B64.0_E1_LR1.00e-01_P3.00e-01_S0_LD-1_9.9800e-01_WD0.0000e+00_SIMSimulator_LGResearchLogger_RESEARCH_59664c3f5b.json
3,root_only_n20_noise0.2,1,complete,0.5801,ok,39.8473828125,0,225,36,20,0.62553,0.2181208053691275,,103,236.02212560002226,0.0,0.0,0.0,0.0,1.3866666666666667,70.36717496812344,,,,,,E:\Federated Machine Learning\FL-Byzantine-Library\mnist_dir20\record\research_algorithm_Mcnn_R100_B64.0_E1_LR1.00e-01_P3.00e-01_S1_LD-1_9.9800e-01_WD0.0000e+00_SIMSimulator_LGResearchLogger_RESEARCH_b07549c1e0.json
3,root_only_n20_noise0.2,2,complete,0.1028,high_loss,1968.24433359375,0,223,33,25,0.10024,0.0,,111,236.07124219997786,0.0,0.0,0.0,0.0,1.345291479820628,69.43508497788571,,,,,,E:\Federated Machine Learning\FL-Byzantine-Library\mnist_dir20\record\research_algorithm_Mcnn_R100_B64.0_E1_LR1.00e-01_P3.00e-01_S2_LD-1_9.9800e-01_WD0.0000e+00_SIMSimulator_LGResearchLogger_RESEARCH_d50cdb2410.json
3,root_only_n100_noise0.0,0,complete,0.1472,high_loss,190.79496174316407,0,226,40,20,0.28867,0.0,,103,236.05430800002068,0.0,0.0,0.0,0.0,1.3584070796460177,68.85801507742144,,,,,,E:\Federated Machine Learning\FL-Byzantine-Library\mnist_dir20\record\research_algorithm_Mcnn_R100_B64.0_E1_LR1.00e-01_P3.00e-01_S0_LD-1_9.9800e-01_WD0.0000e+00_SIMSimulator_LGResearchLogger_RESEARCH_50cfdf08c6.json
3,root_only_n100_noise0.0,1,complete,0.7861,ok,27.196422314453127,0,225,36,20,0.6744,0.2847682119205298,,103,234.97113489999902,0.0,0.0,0.0,0.0,1.3866666666666667,74.61118001374415,,,,,,E:\Federated Machine Learning\FL-Byzantine-Library\mnist_dir20\record\research_algorithm_Mcnn_R100_B64.0_E1_LR1.00e-01_P3.00e-01_S1_LD-1_9.9800e-01_WD0.0000e+00_SIMSimulator_LGResearchLogger_RESEARCH_28549c2b05.json
3,root_only_n100_noise0.0,2,complete,0.6845,ok,10.594592463684082,0,225,32,25,0.78976,0.026845637583892617,,110,237.80034159997012,0.0,0.0,0.0,0.0,1.3688888888888888,71.99552997481078,,,,,,E:\Federated Machine Learning\FL-Byzantine-Library\mnist_dir20\record\research_algorithm_Mcnn_R100_B64.0_E1_LR1.00e-01_P3.00e-01_S2_LD-1_9.9800e-01_WD0.0000e+00_SIMSimulator_LGResearchLogger_RESEARCH_4aefff3a66.json
3,root_only_n100_noise0.2,0,complete,0.8551,ok,6.259844607543945,0,226,40,20,0.76901,0.5813953488372093,,103,235.9260928001022,0.0,0.0,0.0,0.0,1.3584070796460177,67.21873001079075,,,,,,E:\Federated Machine Learning\FL-Byzantine-Library\mnist_dir20\record\research_algorithm_Mcnn_R100_B64.0_E1_LR1.00e-01_P3.00e-01_S0_LD-1_9.9800e-01_WD0.0000e+00_SIMSimulator_LGResearchLogger_RESEARCH_b4a1bc8d8c.json
3,root_only_n100_noise0.2,1,complete,0.7416,ok,8.868307783508302,0,225,36,20,0.64993,0.13758389261744966,,103,238.79259610001463,0.0,0.0,0.0,0.0,1.3866666666666667,69.62453501182608,,,,,,E:\Federated Machine Learning\FL-Byzantine-Library\mnist_dir20\record\research_algorithm_Mcnn_R100_B64.0_E1_LR1.00e-01_P3.00e-01_S1_LD-1_9.9800e-01_WD0.0000e+00_SIMSimulator_LGResearchLogger_RESEARCH_a8bec9fa38.json
3,root_only_n100_noise0.2,2,complete,0.8831,ok,5.763922285461426,0,225,32,25,0.76721,0.6312292358803987,,110,236.89048199995887,0.0,0.0,0.0,0.0,1.3688888888888888,69.79191007558256,,,,,,E:\Federated Machine Learning\FL-Byzantine-Library\mnist_dir20\record\research_algorithm_Mcnn_R100_B64.0_E1_LR1.00e-01_P3.00e-01_S2_LD-1_9.9800e-01_WD0.0000e+00_SIMSimulator_LGResearchLogger_RESEARCH_56763cef39.json
3,root_only_class0_only,0,failed,,stopped_divergence,13024086.0,,,,,,,,,53.95608709997032,,,,,,,,19,0.098,35982.3664,aggregate would diverge: non-finite or weight magnitude exceeds 1000,
3,root_only_class0_only,1,complete,0.098,high_loss,509.9398389648438,0,224,36,20,0.098,0.0,,103,236.99054730008356,0.0,0.0,0.0,0.0,1.3883928571428572,75.56840506731531,,,,,,E:\Federated Machine Learning\FL-Byzantine-Library\mnist_dir20\record\research_algorithm_Mcnn_R100_B64.0_E1_LR1.00e-01_P3.00e-01_S1_LD-1_9.9800e-01_WD0.0000e+00_SIMSimulator_LGResearchLogger_RESEARCH_b92628dd88.json
3,root_only_class0_only,2,failed,,stopped_divergence,166913.4619,,,,,,,,,58.19671940000262,,,,,,,,18,0.101,166913.4619,aggregate would diverge: non-finite or weight magnitude exceeds 1000,
3,root_fusion_n20_noise0.0,0,complete,0.1135,high_loss,212.67162216796876,0,226,40,20,0.10162,0.0,,103,236.70034300000407,0.0,0.0,0.0,0.0,1.3584070796460177,69.3996150570456,,,,,,E:\Federated Machine Learning\FL-Byzantine-Library\mnist_dir20\record\research_algorithm_Mcnn_R100_B64.0_E1_LR1.00e-01_P3.00e-01_S0_LD-1_9.9800e-01_WD0.0000e+00_SIMSimulator_LGResearchLogger_RESEARCH_1f4384399c.json
3,root_fusion_n20_noise0.0,1,failed,,stopped_divergence,52.8623,,,,,,,,,132.55009300005622,,,,,,,,54,0.0958,3.0704,aggregate would diverge: non-finite or weight magnitude exceeds 1000,
3,root_fusion_n20_noise0.0,2,complete,0.1032,high_loss,120.48221531982422,0,225,32,25,0.10321,0.0,,110,237.35754650004674,0.0,0.0,0.0,0.0,1.3688888888888888,69.87022506655194,,,,,,E:\Federated Machine Learning\FL-Byzantine-Library\mnist_dir20\record\research_algorithm_Mcnn_R100_B64.0_E1_LR1.00e-01_P3.00e-01_S2_LD-1_9.9800e-01_WD0.0000e+00_SIMSimulator_LGResearchLogger_RESEARCH_f3fd0c6fcd.json
3,root_fusion_n20_noise0.2,0,complete,0.1467,high_loss,108.83750681152344,0,226,40,20,0.10537,0.0,,103,233.97866779996548,0.0,0.0,0.0,0.0,1.3584070796460177,68.61258003045805,,,,,,E:\Federated Machine Learning\FL-Byzantine-Library\mnist_dir20\record\research_algorithm_Mcnn_R100_B64.0_E1_LR1.00e-01_P3.00e-01_S0_LD-1_9.9800e-01_WD0.0000e+00_SIMSimulator_LGResearchLogger_RESEARCH_3e37b7be90.json
3,root_fusion_n20_noise0.2,1,complete,0.1028,ok,56.58527651977539,0,208,36,22,0.10439000000000001,0.0,,101,232.40798990009353,0.0,0.0,0.0,0.0,1.4230769230769231,68.38065498741344,,,,,,E:\Federated Machine Learning\FL-Byzantine-Library\mnist_dir20\record\research_algorithm_Mcnn_R100_B64.0_E1_LR1.00e-01_P3.00e-01_S1_LD-1_9.9800e-01_WD0.0000e+00_SIMSimulator_LGResearchLogger_RESEARCH_e88a96f637.json
3,root_fusion_n20_noise0.2,2,complete,0.1032,high_loss,122.90270695800781,0,225,32,25,0.10321,0.0,,110,235.5813864999218,0.0,0.0,0.0,0.0,1.3688888888888888,68.92328999238089,,,,,,E:\Federated Machine Learning\FL-Byzantine-Library\mnist_dir20\record\research_algorithm_Mcnn_R100_B64.0_E1_LR1.00e-01_P3.00e-01_S2_LD-1_9.9800e-01_WD0.0000e+00_SIMSimulator_LGResearchLogger_RESEARCH_aaad6c8984.json
3,root_fusion_n100_noise0.0,0,complete,0.1135,high_loss,596.9517591796875,0,226,40,20,0.10162,0.0,,103,237.26120940002147,0.0,0.0,0.0,0.0,1.3584070796460177,74.716134974733,,,,,,E:\Federated Machine Learning\FL-Byzantine-Library\mnist_dir20\record\research_algorithm_Mcnn_R100_B64.0_E1_LR1.00e-01_P3.00e-01_S0_LD-1_9.9800e-01_WD0.0000e+00_SIMSimulator_LGResearchLogger_RESEARCH_36c7c15ca4.json
3,root_fusion_n100_noise0.0,1,failed,,stopped_divergence,8325.211,,,,,,,,,154.75138489995152,,,,,,,,63,0.1009,8325.211,aggregate would diverge: non-finite or weight magnitude exceeds 1000,
3,root_fusion_n100_noise0.0,2,complete,0.1032,high_loss,116.998473046875,0,225,32,25,0.10428,0.0,,110,236.0811591000529,0.0,0.0,0.0,0.0,1.3688888888888888,68.33292503724806,,,,,,E:\Federated Machine Learning\FL-Byzantine-Library\mnist_dir20\record\research_algorithm_Mcnn_R100_B64.0_E1_LR1.00e-01_P3.00e-01_S2_LD-1_9.9800e-01_WD0.0000e+00_SIMSimulator_LGResearchLogger_RESEARCH_a93500d386.json
3,root_fusion_n100_noise0.2,0,failed,,stopped_divergence,853484718.7968,,,,,,,,,74.97047190007288,,,,,,,,28,0.1012,816191510.6304,aggregate would diverge: non-finite or weight magnitude exceeds 1000,
3,root_fusion_n100_noise0.2,1,failed,,stopped_divergence,6432.6902,,,,,,,,,103.19559060002211,,,,,,,,41,0.077,2120.0623,aggregate would diverge: non-finite or weight magnitude exceeds 1000,
3,root_fusion_n100_noise0.2,2,complete,0.1032,high_loss,114.72194765625,0,225,32,25,0.10535,0.0,,110,239.19430719991215,0.0,0.0,0.0,0.0,1.3688888888888888,74.09104498801753,,,,,,E:\Federated Machine Learning\FL-Byzantine-Library\mnist_dir20\record\research_algorithm_Mcnn_R100_B64.0_E1_LR1.00e-01_P3.00e-01_S2_LD-1_9.9800e-01_WD0.0000e+00_SIMSimulator_LGResearchLogger_RESEARCH_876e5387f1.json
3,root_fusion_class0_only,0,complete,0.1135,high_loss,1197.6641353515624,0,226,40,20,0.1,0.0,,103,237.95587179996073,0.0,0.0,0.0,0.0,1.3584070796460177,73.35676509537734,,,,,,E:\Federated Machine Learning\FL-Byzantine-Library\mnist_dir20\record\research_algorithm_Mcnn_R100_B64.0_E1_LR1.00e-01_P3.00e-01_S0_LD-1_9.9800e-01_WD0.0000e+00_SIMSimulator_LGResearchLogger_RESEARCH_a24a7fe00e.json
3,root_fusion_class0_only,1,complete,0.0892,high_loss,1993.0937439453126,0,223,36,20,0.09617,0.0,,103,236.75964890001342,0.0,0.0,0.0,0.0,1.3946188340807175,75.68559497012755,,,,,,E:\Federated Machine Learning\FL-Byzantine-Library\mnist_dir20\record\research_algorithm_Mcnn_R100_B64.0_E1_LR1.00e-01_P3.00e-01_S1_LD-1_9.9800e-01_WD0.0000e+00_SIMSimulator_LGResearchLogger_RESEARCH_f71b916496.json
3,root_fusion_class0_only,2,complete,0.0892,high_loss,119.94909373779296,0,225,32,25,0.10395,0.0,,110,236.79201309999917,0.0,0.0,0.0,0.0,1.3688888888888888,74.26271998556331,,,,,,E:\Federated Machine Learning\FL-Byzantine-Library\mnist_dir20\record\research_algorithm_Mcnn_R100_B64.0_E1_LR1.00e-01_P3.00e-01_S2_LD-1_9.9800e-01_WD0.0000e+00_SIMSimulator_LGResearchLogger_RESEARCH_f15ac16e16.json
4,baseline_ipm,0,complete,0.0892,high_loss,3774.356061328125,0,243,54,0,0.09795,0.0,,105,244.57726389996242,0.0,0.0,,,1.3251028806584362,66.16611003410071,,,,,,E:\Federated Machine Learning\FL-Byzantine-Library\mnist_dir20\record\research_algorithm_Mcnn_R100_B64.0_E1_LR1.00e-01_P3.00e-01_S0_LD-1_9.9800e-01_WD0.0000e+00_SIMSimulator_LGResearchLogger_RESEARCH_9b9db38fdd.json
4,baseline_ipm,1,failed,,stopped_divergence,266775.5273,,,,,,,,,67.5252619999228,,,,,,,,24,0.098,266775.5273,aggregate would diverge: non-finite or weight magnitude exceeds 1000,
4,baseline_ipm,2,complete,0.1376,ok,36.71111771240234,0,226,44,0,0.23592,0.0,,105,238.05621280008927,0.0,0.0,,,1.4823008849557522,65.4924600094091,,,,,,E:\Federated Machine Learning\FL-Byzantine-Library\mnist_dir20\record\research_algorithm_Mcnn_R100_B64.0_E1_LR1.00e-01_P3.00e-01_S2_LD-1_9.9800e-01_WD0.0000e+00_SIMSimulator_LGResearchLogger_RESEARCH_b871fa47c8.json
4,triage_ipm,0,complete,0.2231,high_loss,1463.8903603515625,0,239,53,0,0.22097,0.0,,105,241.21863290003967,0.0,0.08374384236453201,,,1.3263598326359833,68.46105502336286,,,,,,E:\Federated Machine Learning\FL-Byzantine-Library\mnist_dir20\record\research_algorithm_Mcnn_R100_B64.0_E1_LR1.00e-01_P3.00e-01_S0_LD-1_9.9800e-01_WD0.0000e+00_SIMSimulator_LGResearchLogger_RESEARCH_02d563521d.json
4,triage_ipm,1,failed,,stopped_divergence,12476.1403,,,,,,,,,231.11719839996658,,,,,,,,95,0.1135,12476.1403,aggregate would diverge: non-finite or weight magnitude exceeds 1000,
4,triage_ipm,2,failed,,stopped_divergence,654.0165,,,,,,,,,46.18411100003868,,,,,,,,15,0.1009,6.4943,aggregate would diverge: non-finite or weight magnitude exceeds 1000,
4,anytime_ipm_2ms,0,failed,,stopped_divergence,7726.6542,,,,,,,,,72.68715999997221,,,,,,,,26,0.0599,4312.4419,aggregate would diverge: non-finite or weight magnitude exceeds 1000,
4,anytime_ipm_2ms,1,complete,0.0958,high_loss,373.60698833007814,0,235,51,0,0.10055,0.0,,104,238.50977120001335,0.0,0.06735751295336788,,,1.3659574468085107,66.22460503131151,0.4,,,,,E:\Federated Machine Learning\FL-Byzantine-Library\mnist_dir20\record\research_algorithm_Mcnn_R100_B64.0_E1_LR1.00e-01_P3.00e-01_S1_LD-1_9.9800e-01_WD0.0000e+00_SIMSimulator_LGResearchLogger_RESEARCH_20697236fa.json
4,anytime_ipm_2ms,2,complete,0.1028,high_loss,15146.7990140625,0,227,48,0,0.09908,0.0,,107,240.05563899991103,0.0,0.04918032786885246,,,1.449339207048458,67.7052199782338,0.45,,,,,E:\Federated Machine Learning\FL-Byzantine-Library\mnist_dir20\record\research_algorithm_Mcnn_R100_B64.0_E1_LR1.00e-01_P3.00e-01_S2_LD-1_9.9800e-01_WD0.0000e+00_SIMSimulator_LGResearchLogger_RESEARCH_1ee0197b89.json
4,anytime_ipm_10ms,0,failed,,stopped_divergence,129790570.432,,,,,,,,,170.2583266000729,,,,,,,,67,0.0958,110088116.736,aggregate would diverge: non-finite or weight magnitude exceeds 1000,
4,anytime_ipm_10ms,1,failed,,stopped_divergence,1368377.5132,,,,,,,,,90.06523539999034,,,,,,,,32,0.0974,1368377.5132,aggregate would diverge: non-finite or weight magnitude exceeds 1000,
4,anytime_ipm_10ms,2,complete,0.1031,high_loss,1987.692400390625,0,223,44,0,0.1018,0.0,,105,238.77244209998753,0.0,0.02717391304347826,,,1.4887892376681615,68.95654508844017,0.01,,,,,E:\Federated Machine Learning\FL-Byzantine-Library\mnist_dir20\record\research_algorithm_Mcnn_R100_B64.0_E1_LR1.00e-01_P3.00e-01_S2_LD-1_9.9800e-01_WD0.0000e+00_SIMSimulator_LGResearchLogger_RESEARCH_91b276faa9.json
4,anytime_ipm_50ms,0,failed,,stopped_divergence,769452872722.0225,,,,,,,,,97.90973359998316,,,,,,,,36,0.101,12009384904.2944,aggregate would diverge: non-finite or weight magnitude exceeds 1000,
4,anytime_ipm_50ms,1,complete,0.0958,high_loss,2045.44696171875,0,235,51,0,0.10055,0.0,,104,242.5131392000476,0.005235602094240838,0.04712041884816754,,,1.3659574468085107,69.2821999953594,0.0,,,,,E:\Federated Machine Learning\FL-Byzantine-Library\mnist_dir20\record\research_algorithm_Mcnn_R100_B64.0_E1_LR1.00e-01_P3.00e-01_S1_LD-1_9.9800e-01_WD0.0000e+00_SIMSimulator_LGResearchLogger_RESEARCH_9b0c7dd1c6.json
4,anytime_ipm_50ms,2,complete,0.1032,high_loss,2000.4642640625,0,230,49,0,0.0994,0.0,,107,239.37691880005877,0.005434782608695652,0.03804347826086957,,,1.434782608695652,69.11608504015021,0.0,,,,,E:\Federated Machine Learning\FL-Byzantine-Library\mnist_dir20\record\research_algorithm_Mcnn_R100_B64.0_E1_LR1.00e-01_P3.00e-01_S2_LD-1_9.9800e-01_WD0.0000e+00_SIMSimulator_LGResearchLogger_RESEARCH_588e65d8b5.json
4,baseline_joint_timing,0,complete,0.2164,ok,19.64160832824707,0,266,64,0,0.166,0.0,,101,250.48108639998827,0.0,0.0,,,1.112781954887218,71.73292000079527,,,,,,E:\Federated Machine Learning\FL-Byzantine-Library\mnist_dir20\record\research_algorithm_Mcnn_R100_B64.0_E1_LR1.00e-01_P3.00e-01_S0_LD-1_9.9800e-01_WD0.0000e+00_SIMSimulator_LGResearchLogger_RESEARCH_9599747239.json
4,baseline_joint_timing,1,complete,0.3163,ok,22.11568960266113,0,258,59,0,0.3091,0.0,,102,249.5227593999589,0.0,0.0,,,1.189922480620155,65.23255992797203,,,,,,E:\Federated Machine Learning\FL-Byzantine-Library\mnist_dir20\record\research_algorithm_Mcnn_R100_B64.0_E1_LR1.00e-01_P3.00e-01_S1_LD-1_9.9800e-01_WD0.0000e+00_SIMSimulator_LGResearchLogger_RESEARCH_e6129e6617.json
4,baseline_joint_timing,2,complete,0.4125,ok,17.091526528930665,0,254,53,0,0.27597,0.0,,105,247.22649839997757,0.0,0.0,,,1.18503937007874,68.87348999734968,,,,,,E:\Federated Machine Learning\FL-Byzantine-Library\mnist_dir20\record\research_algorithm_Mcnn_R100_B64.0_E1_LR1.00e-01_P3.00e-01_S2_LD-1_9.9800e-01_WD0.0000e+00_SIMSimulator_LGResearchLogger_RESEARCH_2f0df8d406.json
4,triage_joint_timing,0,complete,0.2204,ok,16.372786755371095,0,266,64,0,0.23723,0.0,,101,250.92447130009532,0.0,0.04739336492890995,,,1.112781954887218,75.15812493511476,,,,,,E:\Federated Machine Learning\FL-Byzantine-Library\mnist_dir20\record\research_algorithm_Mcnn_R100_B64.0_E1_LR1.00e-01_P3.00e-01_S0_LD-1_9.9800e-01_WD0.0000e+00_SIMSimulator_LGResearchLogger_RESEARCH_bdd59b74b1.json
4,triage_joint_timing,1,failed,,stopped_divergence,22.1125,,,,,,,,,213.85669259994756,,,,,,,,86,0.1135,6.3431,aggregate would diverge: non-finite or weight magnitude exceeds 1000,
4,triage_joint_timing,2,failed,,stopped_divergence,23.596,,,,,,,,,45.88262609997764,,,,,,,,15,0.1135,8.9063,aggregate would diverge: non-finite or weight magnitude exceeds 1000,
4,anytime_joint_timing_2ms,0,complete,0.3847,ok,12.406313435363769,0,266,64,0,0.28776999999999997,0.0,,101,247.39064709993545,0.0,0.009900990099009901,,,1.112781954887218,72.19884502701461,0.49,,,,,E:\Federated Machine Learning\FL-Byzantine-Library\mnist_dir20\record\research_algorithm_Mcnn_R100_B64.0_E1_LR1.00e-01_P3.00e-01_S0_LD-1_9.9800e-01_WD0.0000e+00_SIMSimulator_LGResearchLogger_RESEARCH_52e11096e2.json
4,anytime_joint_timing_2ms,1,complete,0.4849,high_loss,128.41492497558593,0,260,63,0,0.5097700000000001,0.0,,103,246.04681039997377,0.0,0.020100502512562814,,,1.1576923076923078,65.18967493902892,0.47,,,,,E:\Federated Machine Learning\FL-Byzantine-Library\mnist_dir20\record\research_algorithm_Mcnn_R100_B64.0_E1_LR1.00e-01_P3.00e-01_S1_LD-1_9.9800e-01_WD0.0000e+00_SIMSimulator_LGResearchLogger_RESEARCH_60aa81e501.json
4,anytime_joint_timing_2ms,2,complete,0.1028,ok,40.58229407348633,0,254,53,0,0.10345,0.0,,105,245.46103819995187,0.0,0.024752475247524754,,,1.18503937007874,70.12424001586623,0.56,,,,,E:\Federated Machine Learning\FL-Byzantine-Library\mnist_dir20\record\research_algorithm_Mcnn_R100_B64.0_E1_LR1.00e-01_P3.00e-01_S2_LD-1_9.9800e-01_WD0.0000e+00_SIMSimulator_LGResearchLogger_RESEARCH_fd3c786d24.json
4,anytime_joint_timing_10ms,0,complete,0.3364,ok,25.670796850585937,0,266,64,0,0.23879,0.0,,101,249.84360129991546,0.0,0.014705882352941176,,,1.112781954887218,71.50988504290581,0.0,,,,,E:\Federated Machine Learning\FL-Byzantine-Library\mnist_dir20\record\research_algorithm_Mcnn_R100_B64.0_E1_LR1.00e-01_P3.00e-01_S0_LD-1_9.9800e-01_WD0.0000e+00_SIMSimulator_LGResearchLogger_RESEARCH_a59017a68f.json
4,anytime_joint_timing_10ms,1,complete,0.3079,ok,42.36147119140625,0,260,59,0,0.3936,0.0,,103,251.03520839998964,0.0,0.014705882352941176,,,1.1730769230769231,68.48284497391433,0.0,,,,,E:\Federated Machine Learning\FL-Byzantine-Library\mnist_dir20\record\research_algorithm_Mcnn_R100_B64.0_E1_LR1.00e-01_P3.00e-01_S1_LD-1_9.9800e-01_WD0.0000e+00_SIMSimulator_LGResearchLogger_RESEARCH_07f7a5544a.json
4,anytime_joint_timing_10ms,2,complete,0.3884,high_loss,167.0170530517578,0,255,52,0,0.40778000000000003,0.0,,106,243.29298829997424,0.0,0.028846153846153848,,,1.196078431372549,75.76576989376917,0.0,,,,,E:\Federated Machine Learning\FL-Byzantine-Library\mnist_dir20\record\research_algorithm_Mcnn_R100_B64.0_E1_LR1.00e-01_P3.00e-01_S2_LD-1_9.9800e-01_WD0.0000e+00_SIMSimulator_LGResearchLogger_RESEARCH_bf75e95ca6.json
4,anytime_joint_timing_50ms,0,complete,0.2929,ok,11.063879425048828,0,266,64,0,0.35112,0.0,,101,248.34264799999073,0.0,0.014705882352941176,,,1.112781954887218,73.18212501704691,0.0,,,,,E:\Federated Machine Learning\FL-Byzantine-Library\mnist_dir20\record\research_algorithm_Mcnn_R100_B64.0_E1_LR1.00e-01_P3.00e-01_S0_LD-1_9.9800e-01_WD0.0000e+00_SIMSimulator_LGResearchLogger_RESEARCH_63209d191d.json
4,anytime_joint_timing_50ms,1,complete,0.6578,ok,30.922876641845704,0,260,59,0,0.50819,0.036544850498338874,,103,250.85391049995087,0.0,0.014778325123152709,,,1.1615384615384616,68.75638495548628,0.0,,,,,E:\Federated Machine Learning\FL-Byzantine-Library\mnist_dir20\record\research_algorithm_Mcnn_R100_B64.0_E1_LR1.00e-01_P3.00e-01_S1_LD-1_9.9800e-01_WD0.0000e+00_SIMSimulator_LGResearchLogger_RESEARCH_ac511ef17e.json
4,anytime_joint_timing_50ms,2,complete,0.525,ok,21.547367672729493,0,254,53,0,0.35037,0.0,,105,246.16686360002495,0.0,0.004975124378109453,,,1.18503937007874,72.77249505277723,0.0,,,,,E:\Federated Machine Learning\FL-Byzantine-Library\mnist_dir20\record\research_algorithm_Mcnn_R100_B64.0_E1_LR1.00e-01_P3.00e-01_S2_LD-1_9.9800e-01_WD0.0000e+00_SIMSimulator_LGResearchLogger_RESEARCH_12acd4c2d1.json
