phase,condition,seed,status,final_accuracy,run_health,max_test_loss,halted_rounds,updates_used,malicious_updates_used,minority_decisions,last_10_accuracy,worst_client_accuracy,backdoor_asr,virtual_time,wall_seconds,benign_false_reject_rate,benign_defer_rate,minority_false_reject_rate,minority_defer_rate,mean_staleness,server_p95_ms,deadline_miss_rate,record
1,baseline_none,0,complete,0.3357,ok,9.16675492553711,0,21,0,0,0.18983,0.0,,11,34.24363619997166,0.0,0.0,,,1.4761904761904763,18.834115006029606,,E:\Federated Machine Learning\FL-Byzantine-Library\mnist_dir20\record\research_algorithm_Mcnn_R10_B64.0_E1_LR1.00e-01_P3.00e-01_S0_LD-1_9.9800e-01_WD0.0000e+00_SIMSimulator_LGResearchLogger_RESEARCH_594ebf6ab2.json
1,triage_none,0,complete,0.3051,ok,9.245317658996582,0,21,0,0,0.18887,0.0,,11,32.762683500070125,0.0,0.0,,,1.4761904761904763,24.912830011453476,,E:\Federated Machine Learning\FL-Byzantine-Library\mnist_dir20\record\research_algorithm_Mcnn_R10_B64.0_E1_LR1.00e-01_P3.00e-01_S0_LD-1_9.9800e-01_WD0.0000e+00_SIMSimulator_LGResearchLogger_RESEARCH_40942dd517.json
1,baseline_ipm,0,complete,0.272,ok,8.910847557067871,0,21,3,0,0.1806,0.0,,11,32.97849050001241,0.0,0.0,,,1.4761904761904763,16.967830009525642,,E:\Federated Machine Learning\FL-Byzantine-Library\mnist_dir20\record\research_algorithm_Mcnn_R10_B64.0_E1_LR1.00e-01_P3.00e-01_S0_LD-1_9.9800e-01_WD0.0000e+00_SIMSimulator_LGResearchLogger_RESEARCH_6024a1569b.json
1,triage_ipm,0,complete,0.0958,ok,29.821677850341796,0,21,3,0,0.16429,0.0,,11,33.27931409992743,0.0,0.05263157894736842,,,1.4761904761904763,22.577004955383018,,E:\Federated Machine Learning\FL-Byzantine-Library\mnist_dir20\record\research_algorithm_Mcnn_R10_B64.0_E1_LR1.00e-01_P3.00e-01_S0_LD-1_9.9800e-01_WD0.0000e+00_SIMSimulator_LGResearchLogger_RESEARCH_d27fd99138.json
1,baseline_backdoor,0,complete,0.1843,ok,8.391485681152345,0,21,3,0,0.14185999999999999,0.0,0.003547671840354767,11,46.15655109996442,0.0,0.0,,,1.4761904761904763,19.57432494382374,,E:\Federated Machine Learning\FL-Byzantine-Library\mnist_dir20\record\research_algorithm_Mcnn_R10_B64.0_E1_LR1.00e-01_P3.00e-01_S0_LD-1_9.9800e-01_WD0.0000e+00_SIMSimulator_LGResearchLogger_RESEARCH_ffe002de32.json
1,triage_backdoor,0,complete,0.3194,ok,8.40384977722168,0,21,3,0,0.1693,0.0,0.041463414634146344,11,45.538006699993275,0.0,0.0,,,1.4761904761904763,25.163059995975342,,E:\Federated Machine Learning\FL-Byzantine-Library\mnist_dir20\record\research_algorithm_Mcnn_R10_B64.0_E1_LR1.00e-01_P3.00e-01_S0_LD-1_9.9800e-01_WD0.0000e+00_SIMSimulator_LGResearchLogger_RESEARCH_a63b016b2f.json
2,baseline_ipm,0,complete,0.2674,ok,9.111173815917969,0,21,3,0,0.18264,0.0,,11,34.24563729995862,0.0,0.0,,,1.4761904761904763,16.83899500640109,,E:\Federated Machine Learning\FL-Byzantine-Library\mnist_dir20\record\research_algorithm_Mcnn_R10_B64.0_E1_LR1.00e-01_P3.00e-01_S0_LD-1_9.9800e-01_WD0.0000e+00_SIMSimulator_LGResearchLogger_RESEARCH_2f4690142d.json
2,triage_ipm,0,complete,0.0958,ok,30.243944067382813,0,21,3,0,0.15657,0.0,,11,33.25935429998208,0.0,0.05263157894736842,,,1.4761904761904763,22.497880016453564,,E:\Federated Machine Learning\FL-Byzantine-Library\mnist_dir20\record\research_algorithm_Mcnn_R10_B64.0_E1_LR1.00e-01_P3.00e-01_S0_LD-1_9.9800e-01_WD0.0000e+00_SIMSimulator_LGResearchLogger_RESEARCH_3d860c0522.json
2,baseline_timed_ipm,0,complete,0.0982,ok,15.785597555541992,0,20,2,0,0.15122,0.0,,12,32.50254210003186,0.0,0.0,,,1.5,18.29848998459056,,E:\Federated Machine Learning\FL-Byzantine-Library\mnist_dir20\record\research_algorithm_Mcnn_R10_B64.0_E1_LR1.00e-01_P3.00e-01_S0_LD-1_9.9800e-01_WD0.0000e+00_SIMSimulator_LGResearchLogger_RESEARCH_63f7768375.json
2,triage_timed_ipm,0,complete,0.1259,ok,15.338038516235352,0,20,2,0,0.16449,0.0,,12,32.59411950001959,0.0,0.0,,,1.5,22.408114990685135,,E:\Federated Machine Learning\FL-Byzantine-Library\mnist_dir20\record\research_algorithm_Mcnn_R10_B64.0_E1_LR1.00e-01_P3.00e-01_S0_LD-1_9.9800e-01_WD0.0000e+00_SIMSimulator_LGResearchLogger_RESEARCH_81b62945c0.json
2,baseline_joint_random,0,complete,0.2376,ok,6.516281997680664,0,22,3,0,0.14951,0.0,,12,33.63722839998081,0.0,0.0,,,1.3181818181818181,19.461445038905367,,E:\Federated Machine Learning\FL-Byzantine-Library\mnist_dir20\record\research_algorithm_Mcnn_R10_B64.0_E1_LR1.00e-01_P3.00e-01_S0_LD-1_9.9800e-01_WD0.0000e+00_SIMSimulator_LGResearchLogger_RESEARCH_fccc9cb6f4.json
2,triage_joint_random,0,complete,0.3137,ok,9.001261408996582,0,22,3,0,0.16927,0.0,,12,34.611067199963145,0.0,0.05,,,1.3181818181818181,23.690600012196224,,E:\Federated Machine Learning\FL-Byzantine-Library\mnist_dir20\record\research_algorithm_Mcnn_R10_B64.0_E1_LR1.00e-01_P3.00e-01_S0_LD-1_9.9800e-01_WD0.0000e+00_SIMSimulator_LGResearchLogger_RESEARCH_1886095922.json
2,baseline_joint_timing,0,complete,0.2677,ok,6.517240716552735,0,21,3,0,0.20335,0.0,,11,33.68914779997431,0.0,0.0,,,1.380952380952381,18.625025014625862,,E:\Federated Machine Learning\FL-Byzantine-Library\mnist_dir20\record\research_algorithm_Mcnn_R10_B64.0_E1_LR1.00e-01_P3.00e-01_S0_LD-1_9.9800e-01_WD0.0000e+00_SIMSimulator_LGResearchLogger_RESEARCH_651345e886.json
2,triage_joint_timing,0,complete,0.2141,ok,6.515313594055176,0,21,3,0,0.17758000000000002,0.0,,11,33.990602000034414,0.0,0.0,,,1.380952380952381,20.531794999260455,,E:\Federated Machine Learning\FL-Byzantine-Library\mnist_dir20\record\research_algorithm_Mcnn_R10_B64.0_E1_LR1.00e-01_P3.00e-01_S0_LD-1_9.9800e-01_WD0.0000e+00_SIMSimulator_LGResearchLogger_RESEARCH_9a048ed83c.json
3,baseline_reserved_root,0,complete,0.0958,ok,7.540023043060303,0,20,3,2,0.13452,0.0,,11,33.326989299966954,0.0,0.0,0.0,0.0,1.45,20.34549505333416,,E:\Federated Machine Learning\FL-Byzantine-Library\mnist_dir20\record\research_algorithm_Mcnn_R10_B64.0_E1_LR1.00e-01_P3.00e-01_S0_LD-1_9.9800e-01_WD0.0000e+00_SIMSimulator_LGResearchLogger_RESEARCH_620e5b9b86.json
3,root_only_n20_noise0.0,0,complete,0.1032,loss_explosion,1.4770722597438468e+30,6,7,1,1,0.10227,0.0,,10,28.13548689999152,0.0,0.0,0.0,0.0,1.7142857142857142,42.44554998003878,,E:\Federated Machine Learning\FL-Byzantine-Library\mnist_dir20\record\research_algorithm_Mcnn_R10_B64.0_E1_LR1.00e-01_P3.00e-01_S0_LD-1_9.9800e-01_WD0.0000e+00_SIMSimulator_LGResearchLogger_RESEARCH_b1169370bc.json
3,root_only_n20_noise0.2,0,complete,0.1032,loss_explosion,4.6864498780204287e+30,6,7,1,1,0.10205,0.0,,10,28.38295580004342,0.0,0.0,0.0,0.0,1.7142857142857142,42.547780042514205,,E:\Federated Machine Learning\FL-Byzantine-Library\mnist_dir20\record\research_algorithm_Mcnn_R10_B64.0_E1_LR1.00e-01_P3.00e-01_S0_LD-1_9.9800e-01_WD0.0000e+00_SIMSimulator_LGResearchLogger_RESEARCH_8d510dd3c6.json
3,root_only_n100_noise0.0,0,complete,0.1032,loss_explosion,3.0240232813216215e+18,6,7,1,1,0.11726,0.0,,10,28.353525200043805,0.0,0.0,0.0,0.0,1.7142857142857142,45.67488996544853,,E:\Federated Machine Learning\FL-Byzantine-Library\mnist_dir20\record\research_algorithm_Mcnn_R10_B64.0_E1_LR1.00e-01_P3.00e-01_S0_LD-1_9.9800e-01_WD0.0000e+00_SIMSimulator_LGResearchLogger_RESEARCH_eb2200947e.json
3,root_only_n100_noise0.2,0,complete,0.0974,loss_explosion,1.4269902126415347e+30,5,8,1,1,0.11449,0.0,,11,30.168481500004418,0.0,0.0,0.0,0.0,1.625,45.52413995843381,,E:\Federated Machine Learning\FL-Byzantine-Library\mnist_dir20\record\research_algorithm_Mcnn_R10_B64.0_E1_LR1.00e-01_P3.00e-01_S0_LD-1_9.9800e-01_WD0.0000e+00_SIMSimulator_LGResearchLogger_RESEARCH_d66912a211.json
3,root_only_class0_only,0,complete,0.1,ok,105.77752258300781,0,20,3,2,0.1,0.0,,11,32.94122210005298,0.0,0.0,0.0,0.0,1.45,48.753185023088,,E:\Federated Machine Learning\FL-Byzantine-Library\mnist_dir20\record\research_algorithm_Mcnn_R10_B64.0_E1_LR1.00e-01_P3.00e-01_S0_LD-1_9.9800e-01_WD0.0000e+00_SIMSimulator_LGResearchLogger_RESEARCH_62c9c24f5c.json
3,root_fusion_n20_noise0.0,0,complete,0.1028,loss_explosion,1.291057529234673e+24,7,5,0,1,0.11947,0.0,,10,27.68496519990731,0.0,0.0,0.0,0.0,1.4,40.824850054923445,,E:\Federated Machine Learning\FL-Byzantine-Library\mnist_dir20\record\research_algorithm_Mcnn_R10_B64.0_E1_LR1.00e-01_P3.00e-01_S0_LD-1_9.9800e-01_WD0.0000e+00_SIMSimulator_LGResearchLogger_RESEARCH_484525c782.json
3,root_fusion_n20_noise0.2,0,complete,0.1028,loss_explosion,6.07315383223698e+23,7,5,0,1,0.11948,0.0,,10,28.226208200096153,0.0,0.0,0.0,0.0,1.4,41.70071000698954,,E:\Federated Machine Learning\FL-Byzantine-Library\mnist_dir20\record\research_algorithm_Mcnn_R10_B64.0_E1_LR1.00e-01_P3.00e-01_S0_LD-1_9.9800e-01_WD0.0000e+00_SIMSimulator_LGResearchLogger_RESEARCH_cf10d6faa2.json
3,root_fusion_n100_noise0.0,0,complete,0.1028,loss_explosion,3.812942706200186e+22,7,5,0,1,0.11951,0.0,,10,27.974238399998285,0.0,0.0,0.0,0.0,1.4,46.388570056296885,,E:\Federated Machine Learning\FL-Byzantine-Library\mnist_dir20\record\research_algorithm_Mcnn_R10_B64.0_E1_LR1.00e-01_P3.00e-01_S0_LD-1_9.9800e-01_WD0.0000e+00_SIMSimulator_LGResearchLogger_RESEARCH_0e81cca671.json
3,root_fusion_n100_noise0.2,0,complete,0.1028,loss_explosion,1.2467342451293335e+20,7,5,0,1,0.11967,0.0,,10,28.201096799923107,0.0,0.0,0.0,0.0,1.4,47.59228999027982,,E:\Federated Machine Learning\FL-Byzantine-Library\mnist_dir20\record\research_algorithm_Mcnn_R10_B64.0_E1_LR1.00e-01_P3.00e-01_S0_LD-1_9.9800e-01_WD0.0000e+00_SIMSimulator_LGResearchLogger_RESEARCH_8ba7252406.json
3,root_fusion_class0_only,0,complete,0.1028,loss_explosion,5.835670682248429e+30,7,5,0,1,0.11917,0.0,,10,27.96212770009879,0.0,0.0,0.0,0.0,1.4,49.192850035615265,,E:\Federated Machine Learning\FL-Byzantine-Library\mnist_dir20\record\research_algorithm_Mcnn_R10_B64.0_E1_LR1.00e-01_P3.00e-01_S0_LD-1_9.9800e-01_WD0.0000e+00_SIMSimulator_LGResearchLogger_RESEARCH_b51bc6dc4f.json
4,baseline_ipm,0,complete,0.2131,ok,11.760683982849121,0,21,3,0,0.17345,0.0,,11,33.44720540009439,0.0,0.0,,,1.4761904761904763,38.501425000140436,,E:\Federated Machine Learning\FL-Byzantine-Library\mnist_dir20\record\research_algorithm_Mcnn_R10_B64.0_E1_LR1.00e-01_P3.00e-01_S0_LD-1_9.9800e-01_WD0.0000e+00_SIMSimulator_LGResearchLogger_RESEARCH_66e8cade51.json
4,triage_ipm,0,complete,0.0958,ok,32.25547454833984,0,21,3,0,0.14765999999999999,0.0,,11,33.43025609990582,0.0,0.05263157894736842,,,1.4761904761904763,49.15851492551155,,E:\Federated Machine Learning\FL-Byzantine-Library\mnist_dir20\record\research_algorithm_Mcnn_R10_B64.0_E1_LR1.00e-01_P3.00e-01_S0_LD-1_9.9800e-01_WD0.0000e+00_SIMSimulator_LGResearchLogger_RESEARCH_86876c1de7.json
4,anytime_ipm_2ms,0,complete,0.1817,ok,13.657125448608399,0,21,3,0,0.18334,0.0,,11,33.395722699933685,0.0,0.0,,,1.4761904761904763,45.71587499813177,0.4,E:\Federated Machine Learning\FL-Byzantine-Library\mnist_dir20\record\research_algorithm_Mcnn_R10_B64.0_E1_LR1.00e-01_P3.00e-01_S0_LD-1_9.9800e-01_WD0.0000e+00_SIMSimulator_LGResearchLogger_RESEARCH_0176f05815.json
4,anytime_ipm_10ms,0,complete,0.1932,ok,14.553470780944824,0,21,3,0,0.18801,0.0,,11,33.47065759997349,0.0,0.0,,,1.4761904761904763,46.76060995552689,0.1,E:\Federated Machine Learning\FL-Byzantine-Library\mnist_dir20\record\research_algorithm_Mcnn_R10_B64.0_E1_LR1.00e-01_P3.00e-01_S0_LD-1_9.9800e-01_WD0.0000e+00_SIMSimulator_LGResearchLogger_RESEARCH_0b68700697.json
4,anytime_ipm_50ms,0,complete,0.1929,ok,16.07996462097168,0,21,3,0,0.17532,0.0,,11,33.617446599993855,0.0,0.0,,,1.4761904761904763,46.05613504536449,0.0,E:\Federated Machine Learning\FL-Byzantine-Library\mnist_dir20\record\research_algorithm_Mcnn_R10_B64.0_E1_LR1.00e-01_P3.00e-01_S0_LD-1_9.9800e-01_WD0.0000e+00_SIMSimulator_LGResearchLogger_RESEARCH_a73517ba25.json
4,baseline_joint_timing,0,complete,0.2396,ok,6.516677053070068,0,21,3,0,0.20058,0.0,,11,33.83403249992989,0.0,0.0,,,1.380952380952381,38.52828501840122,,E:\Federated Machine Learning\FL-Byzantine-Library\mnist_dir20\record\research_algorithm_Mcnn_R10_B64.0_E1_LR1.00e-01_P3.00e-01_S0_LD-1_9.9800e-01_WD0.0000e+00_SIMSimulator_LGResearchLogger_RESEARCH_187524f817.json
4,triage_joint_timing,0,complete,0.1946,ok,6.51906781539917,0,21,3,0,0.17628,0.0,,11,33.78303159994539,0.0,0.0,,,1.380952380952381,40.3742500115186,,E:\Federated Machine Learning\FL-Byzantine-Library\mnist_dir20\record\research_algorithm_Mcnn_R10_B64.0_E1_LR1.00e-01_P3.00e-01_S0_LD-1_9.9800e-01_WD0.0000e+00_SIMSimulator_LGResearchLogger_RESEARCH_4477369023.json
4,anytime_joint_timing_2ms,0,complete,0.1152,ok,7.640152151489258,0,21,3,0,0.17298,0.0,,11,33.945249899988994,0.0,0.0,,,1.380952380952381,39.81634507072158,0.0,E:\Federated Machine Learning\FL-Byzantine-Library\mnist_dir20\record\research_algorithm_Mcnn_R10_B64.0_E1_LR1.00e-01_P3.00e-01_S0_LD-1_9.9800e-01_WD0.0000e+00_SIMSimulator_LGResearchLogger_RESEARCH_7377d4869a.json
4,anytime_joint_timing_10ms,0,complete,0.1127,ok,7.579232814025879,0,21,3,0,0.1718,0.0,,11,34.085324500105344,0.0,0.0,,,1.380952380952381,42.0425699732732,0.0,E:\Federated Machine Learning\FL-Byzantine-Library\mnist_dir20\record\research_algorithm_Mcnn_R10_B64.0_E1_LR1.00e-01_P3.00e-01_S0_LD-1_9.9800e-01_WD0.0000e+00_SIMSimulator_LGResearchLogger_RESEARCH_377faa47fd.json
4,anytime_joint_timing_50ms,0,complete,0.0892,ok,7.28453185043335,0,21,3,0,0.15613,0.0,,11,33.726395300007425,0.0,0.0,,,1.380952380952381,40.686884993920096,0.0,E:\Federated Machine Learning\FL-Byzantine-Library\mnist_dir20\record\research_algorithm_Mcnn_R10_B64.0_E1_LR1.00e-01_P3.00e-01_S0_LD-1_9.9800e-01_WD0.0000e+00_SIMSimulator_LGResearchLogger_RESEARCH_8aa014565f.json
